{
  "current": {
    "header-layout": "header_layout1",
    "footer-layout": "footer_layout2",
    "loader-main": "round-flip",
    "collection_page_sidebar": "left_sidebar",
    "product_page_sidebar": "left_sidebar",
    "show_description": "200",
    "enable_slidetop": true,
    "sizechart_handle": "size-chart",
    "show_breadcrumb": true,
    "breadcrumb": "shopify:\/\/shop_images\/breadcrumb.png",
    "breadcrumb_background": "#eae6e0",
    "breadcrumb-color": "#000",
    "password": "shopify:\/\/shop_images\/pass.png",
    "password_background": "#f5f5f5",
    "favicon": "shopify:\/\/shop_images\/favicon.png",
    "brand-secondary": "#e7bebd",
    "brand-third": "#000000",
    "navbar_background_color": "#353535",
    "navbar-text-color": "#ffffff",
    "header-icon-color": "#353535",
    "header-icon-hover-color": "#e7bebd",
    "menu-bg-color": "#ffffff",
    "menu-text-color": "#353535",
    "menu-text-hover-color": "#e7bebd",
    "button-bg-color": "#e7bebd",
    "button-text-color": "#000000",
    "button-bg-hover-color": "#000000",
    "button-text-hover-color": "#ffffff",
    "product-icon-color": "#000000",
    "product-icon-hover-color": "#e7bebd",
    "footer-bg-color": "#f7f7f7",
    "footer-heading-color": "#000000",
    "footer-text-color": "#666666",
    "footer-text-hover-color": "#e7bebd",
    "type_base_family": "Poppins",
    "weight_base_300": false,
    "weight_base_400": true,
    "weight_base_500": false,
    "weight_base_600": false,
    "weight_base_700": false,
    "show_secondary_font": true,
    "type_header_family": "Roboto",
    "weight_secondary_300": false,
    "weight_secondary_400": true,
    "weight_secondary_500": false,
    "weight_secondary_600": false,
    "weight_secondary_700": false,
    "social_twitter_link": "\/",
    "social_facebook_link": "\/",
    "social_pinterest_link": "\/",
    "social_instagram_link": "\/",
    "social_tumblr_link": "\/",
    "social_snapchat_link": "",
    "social_youtube_link": "",
    "social_vimeo_link": "",
    "custom_javascript": "",
    "custom_css": "",
    "checkout_header_image": "",
    "checkout_logo_image": "",
    "checkout_logo_position": "left",
    "checkout_logo_size": "small",
    "checkout_body_background_image": "",
    "checkout_body_background_color": "#ffffff",
    "checkout_input_background_color_mode": "white",
    "checkout_sidebar_background_image": "",
    "checkout_sidebar_background_color": "#e8f3f6",
    "checkout_heading_font": "Roboto",
    "checkout_body_font": "Source Sans Pro",
    "checkout_accent_color": "#1990c6",
    "checkout_button_color": "#23314e",
    "checkout_error_color": "#ff6d6d",
    "disable_mobile": false,
    "disable_slidetop": false,
    "chart_img": "shopify:\/\/shop_images\/Size-Chat.png",
    "sizechart-title": "Measurement Term Definitions",
    "sizechart-html-table": "<table class=\"table\">\n<thead class=\"thead-light\"><tr>\n<th scope=\"col\">Size<\/th>\n<th scope=\"col\">Chest<\/th>\n<th scope=\"col\">Brand Size<\/th>\n<th scope=\"col\">Shoulder<\/th>\n<th scope=\"col\">Length<\/th>\n<th scope=\"col\">Sleeve Length<\/th>\n<\/tr><\/thead>\n<tbody>\n<tr>\n<td>38<\/td>\n<td>40.2<\/td>\n<td>38<\/td>\n<td>17.9<\/td>\n<td>29.9<\/td>\n<td>24<\/td>\n<\/tr>\n<tr>\n<td>39<\/td>\n<td>41.3<\/td>\n<td>39<\/td>\n<td>18.2<\/td>\n<td>30.1<\/td>\n<td>24.5<\/td>\n<\/tr>\n<tr>\n<td>40<\/td>\n<td>42.5<\/td>\n<td>40<\/td>\n<td>18.5<\/td>\n<td>30.3<\/td>\n<td>25<\/td>\n<\/tr>\n<tr>\n<td>42<\/td>\n<td>44.9<\/td>\n<td>42<\/td>\n<td>19.1<\/td>\n<td>30.7<\/td>\n<td>25.5<\/td>\n<\/tr>\n<tr>\n<td>44<\/td>\n<td>47.2<\/td>\n<td>44<\/td>\n<td>19.7<\/td>\n<td>31.1<\/td>\n<td>26<\/td>\n<\/tr>\n<tr>\n<td>46<\/td>\n<td>49.6<\/td>\n<td>46<\/td>\n<td>20.3<\/td>\n<td>31.5<\/td>\n<td>26.5<\/td>\n<\/tr>\n<\/tbody>\n<\/table>",
    "sizechart-html": "<p><strong>Effective Top Tube Length:<\/strong> Lorem Ipsum is simply dummy text of the printing and typesetting industry. Lorem Ipsum has been the industry's standard dummy text ever since the 1500s.<\/p><p><strong>Seat Tube Length:<\/strong> dummy text of the printing and typesetting industry when an unknown printer took a galley of type and scrambled but also the leap into electronic typesetting, remaining essentially unchanged.<\/p><p><strong>Head Tube Length:<\/strong>Ipsum passages and more recently with desktop publishing software like Aldus PageMaker including versions.<\/p><p><strong>Head Angle:<\/strong>Letraset sheets containing Lorem Ipsum passages, and more recently with desktop publishing software like Aldus PageMaker including versions of Lorem Ipsum.<\/p><p><strong>Fork Rake (rake):<\/strong>It has survived not only five centuries popularised of Letraset sheets containing and more recently with desktop publishing software like Aldus PageMaker including versions.<\/p><p><strong>Stand Over Height:<\/strong>galley of type and scrambled it to make a type specimen book. It was popularised in the 1960s with the release of Letraset sheets containing Lorem Ipsum passages.<\/p>",
    "color_body_bg": "#ffffff",
    "brand-primary": "#000000",
    "brand-success": "#666666",
    "light-color": "#ffffff",
    "color_text": "#3d4246",
    "color_body_text": "#788188",
    "color_sale_text": "#7796a8",
    "color_borders": "#e8e9eb",
    "color_button": "#7796a8",
    "color_button_text": "#ffffff",
    "color_small_button": "#ffffff",
    "color_small_button_text": "#3d4246",
    "color_text_field": "#ffffff",
    "color_text_field_text": "#000000",
    "color_image_overlay_text": "#ffffff",
    "color_image_overlay": "#3d4246",
    "image_overlay_opacity": 25,
    "type_header_base_size": "22px",
    "type_base_size": "14px",
    "type_bold_product_titles": false,
    "type_title_family": "Roboto Slab",
    "type_title_base_size": "15px",
    "share_facebook": true,
    "share_twitter": true,
    "share_pinterest": true,
    "share_google": true,
    "products_featured_collection": "special-product",
    "sections": {
      "Ishi_megamenu": {
        "type": "Ishi_megamenu",
        "blocks": {
          "1562828348951": {
            "type": "text_block",
            "settings": {
              "title": "Fashion",
              "button_link": "shopify:\/\/collections\/fashion",
              "blog_show_new": true,
              "blog_show_sale": false,
              "blog_show_hot": false,
              "navbar": "man",
              "button_link1": "shopify:\/\/collections\/man",
              "navbar1": "woman",
              "button_link2": "shopify:\/\/collections\/woman",
              "navbar2": "kids",
              "button_link3": "shopify:\/\/collections\/kids",
              "blog_show_collection": true,
              "collection-title": "Special Product",
              "button_link5": "shopify:\/\/products\/brown-bear-cushion",
              "product": "picking-a-dummy-text",
              "image1": "shopify:\/\/shop_images\/banner2.png",
              "bannerlink1": "shopify:\/\/collections\/fashion",
              "image2": "shopify:\/\/shop_images\/banner3.png",
              "bannerlink2": "shopify:\/\/collections\/kids"
            }
          },
          "1562828393981": {
            "type": "text_block",
            "settings": {
              "title": "Category",
              "button_link": "shopify:\/\/collections\/man",
              "blog_show_new": false,
              "blog_show_sale": true,
              "blog_show_hot": false,
              "navbar": "kids",
              "button_link1": "shopify:\/\/collections\/kids",
              "navbar1": "",
              "button_link2": "shopify:\/\/collections\/men",
              "navbar2": "",
              "button_link3": "",
              "blog_show_collection": true,
              "collection-title": "Trending Product",
              "button_link5": "",
              "product": "lumberjack-shirt",
              "image1": "shopify:\/\/shop_images\/banner1.png",
              "bannerlink1": "shopify:\/\/collections\/fashion-new",
              "image2": "",
              "bannerlink2": "\/"
            }
          },
          "1562828366196": {
            "type": "text_block",
            "settings": {
              "title": "Collection",
              "button_link": "shopify:\/\/collections",
              "blog_show_new": false,
              "blog_show_sale": false,
              "blog_show_hot": false,
              "navbar": "",
              "button_link1": "shopify:\/\/collections\/men",
              "navbar1": "kids",
              "button_link2": "",
              "navbar2": "",
              "button_link3": "",
              "blog_show_collection": true,
              "collection-title": "Latest Product",
              "button_link5": "shopify:\/\/products\/printed-long-skirt",
              "product": "",
              "image1": "",
              "bannerlink1": "",
              "image2": "",
              "bannerlink2": ""
            }
          },
          "1562828412304": {
            "type": "text_block",
            "settings": {
              "title": "Contact",
              "button_link": "shopify:\/\/pages\/contact",
              "blog_show_new": false,
              "blog_show_sale": false,
              "blog_show_hot": false,
              "navbar": "",
              "button_link1": "",
              "navbar1": "",
              "button_link2": "",
              "navbar2": "",
              "button_link3": "",
              "blog_show_collection": false,
              "collection-title": "",
              "button_link5": "",
              "product": "",
              "image1": "",
              "bannerlink1": "",
              "image2": "",
              "bannerlink2": ""
            }
          },
          "1578655007968": {
            "type": "text_block",
            "settings": {
              "title": "About Us",
              "button_link": "shopify:\/\/pages\/about-us",
              "blog_show_new": true,
              "blog_show_sale": false,
              "blog_show_hot": false,
              "navbar": "",
              "button_link1": "",
              "navbar1": "",
              "button_link2": "",
              "navbar2": "",
              "button_link3": "",
              "blog_show_collection": false,
              "collection-title": "",
              "button_link5": "",
              "product": "",
              "image1": "",
              "bannerlink1": "",
              "image2": "",
              "bannerlink2": ""
            }
          },
          "1578655023363": {
            "type": "text_block",
            "settings": {
              "title": "FAQs",
              "button_link": "shopify:\/\/pages\/faqs",
              "blog_show_new": false,
              "blog_show_sale": false,
              "blog_show_hot": true,
              "navbar": "",
              "button_link1": "",
              "navbar1": "",
              "button_link2": "",
              "navbar2": "",
              "button_link3": "",
              "blog_show_collection": false,
              "collection-title": "",
              "button_link5": "",
              "product": "",
              "image1": "",
              "bannerlink1": "",
              "image2": "",
              "bannerlink2": ""
            }
          }
        },
        "block_order": [
          "1562828348951",
          "1562828393981",
          "1562828366196",
          "1562828412304",
          "1578655007968",
          "1578655023363"
        ],
        "settings": {
        }
      },
      "1562828445846": {
        "type": "Ishi_slideshow",
        "blocks": {
          "1562828445846-0": {
            "type": "slide_image",
            "settings": {
              "image": "shopify:\/\/shop_images\/jewellery-1.png",
              "text_position": "right",
              "textalignment": "left",
              "subtitle": "New Collections",
              "subtitlecolor": "#000000",
              "maintitle": "Latest Earings",
              "maintitlecolor": "#000000",
              "desc": "<p>SALE UPTO 50% OFF<\/p>",
              "desccolor": "#000000",
              "button_label": "SHOP NOW",
              "link": "\/"
            }
          },
          "1562828445846-1": {
            "type": "slide_image",
            "settings": {
              "image": "shopify:\/\/shop_images\/jewellery-2.png",
              "text_position": "left",
              "textalignment": "left",
              "subtitle": "New Collections",
              "subtitlecolor": "#000000",
              "maintitle": "New Products",
              "maintitlecolor": "#000000",
              "desc": "<p>SALE UPTO 50% OFF<\/p>",
              "desccolor": "#000000",
              "button_label": "SHOP NOW",
              "link": "\/"
            }
          }
        },
        "block_order": [
          "1562828445846-0",
          "1562828445846-1"
        ],
        "settings": {
          "section_bottom_spacing_desktop": 30,
          "section_bottom_spacing_mobile": 30
        }
      },
      "1562828575181": {
        "type": "Ishi_productsblock",
        "blocks": {
          "1562828581826": {
            "type": "logo_image",
            "settings": {
              "title": "FEATURED PRODUCTS",
              "collection": "rings",
              "show_view_all": false
            }
          },
          "1562828605817": {
            "type": "logo_image",
            "settings": {
              "title": "NEW ARRIVALS",
              "collection": "new-jewellery",
              "show_view_all": false
            }
          },
          "1562828594599": {
            "type": "logo_image",
            "settings": {
              "title": "BEST SELLERS",
              "collection": "special-jewellery",
              "show_view_all": false
            }
          }
        },
        "block_order": [
          "1562828581826",
          "1562828605817",
          "1562828594599"
        ],
        "settings": {
          "title1": "Trending Products",
          "title2": "Lorem ipsum dolor sit amet conse ctetur adipisicing elit, sed do eiusmod tempor incididunt ut labore adipisicing elit, sed do eiusmod",
          "totalproduct_limit": 12,
          "rowproduct_limit_Small": 2,
          "rowproduct_limit_Mobile": 2,
          "rowproduct_limit_Tablet": 3,
          "rowproduct_limit_Laptop": 3,
          "rowproduct_limit_Desktop": 4,
          "max_products_rows": "2",
          "section_bottom_spacing_desktop": 70,
          "section_bottom_spacing_mobile": 30
        }
      },
      "contact-page": {
        "type": "contact-page",
        "settings": {
          "show_banner": true,
          "image": "shopify:\/\/shop_images\/Contact_1.png",
          "heading": "Get In Touch",
          "subheading": "We'd Love to Hear From You, Lets Get In Touch!",
          "info": "<p>We are open: Monday - Saturday, 10AM - 5PM and closed on sunday sorry for that.<\/p>",
          "display_google_map": true,
          "google_map_code": "<iframe src=\"https:\/\/www.google.com\/maps\/embed?pb=!1m18!1m12!1m3!1d929.7373954591351!2d72.86352677911316!3d21.23384779761219!2m3!1f0!2f0!3f0!3m2!1i1024!2i768!4f13.1!3m3!1m2!1s0x3be04efc6a379f43%3A0xc781696a0f9b3ea0!2sIshi%20Technolabs!5e0!3m2!1sen!2sin!4v1567597173052!5m2!1sen!2sin\" style=\"border:0;\" width=\"100%\" height=\"400\" frameborder=\"0\"><\/iframe>",
          "show_form": true,
          "formheading": "Leave Us A Message",
          "formsubheading": "-Good for nature, Good for you-"
        }
      },
      "Ishi_sidebar": {
        "type": "Ishi_sidebar",
        "settings": {
          "sidebar_link": "jewellery",
          "show_filter": true,
          "product1": true,
          "title": "Featured Collection",
          "collection": "earring",
          "grid": 3,
          "show_view_all": true,
          "show_banner": true,
          "image": "shopify:\/\/shop_images\/Left-Banner_9e9deecd-dbf2-4d21-8a4f-c642fe6d6edc.png",
          "hover1": "fadeinflip",
          "banner_link": "\/",
          "scale_enable1": false,
          "product2": true,
          "title-new-product": "Special Collection",
          "collection1": "special-jewellery",
          "grid1": 3,
          "show_view_all1": true
        }
      },
      "collection-template": {
        "type": "collection-template",
        "settings": {
          "max_products": "15",
          "show_collection_image": true,
          "sort_enable": true
        }
      },
      "password-header": {
        "type": "password-header",
        "settings": {
          "logo": "shopify:\/\/shop_images\/Logo_6ec2d26d-e156-47f8-b06b-25e7933321a0.png",
          "logo_max_width": "165",
          "header": "Coming Soon",
          "startdate": "2020-5-25"
        }
      },
      "password-content": {
        "type": "password-content",
        "settings": {
          "newsletter_enable": true,
          "newsletter_form_heading": "Be the first to know when we launch.",
          "newsletter_placeholder": "Email address",
          "newsletter_button_text": "Notify me"
        }
      },
      "password-footer": {
        "type": "password-footer",
        "settings": {
          "show_share_buttons": true,
          "social_message": "Spread the word"
        }
      },
      "product-template": {
        "type": "product-template",
        "settings": {
          "show_quantity_selector": true,
          "show_variant_labels": true,
          "show_vendor": true,
          "show_Producttype": true,
          "enable_zoom": true,
          "show_share_buttons": true,
          "show_description": true,
          "show_review": true,
          "show_shipping": true,
          "show_trust_image": true,
          "show_spb": true,
          "trust-image": "shopify:\/\/shop_images\/trust.png"
        }
      },
      "Ishi_relatedproductsblock": {
        "type": "Ishi_relatedproductsblock",
        "settings": {
          "show_related_products": true,
          "related_title": "Related Products",
          "rowproduct_limit_Small": 2,
          "rowproduct_limit_Mobile": 2,
          "rowproduct_limit_Tablet": 2,
          "rowproduct_limit_Laptop": 3,
          "rowproduct_limit_Desktop": 3
        }
      },
      "list-collections-template": {
        "type": "list-collections-template",
        "blocks": {
          "1563273883873": {
            "type": "collection",
            "settings": {
              "collection": "jewellery"
            }
          },
          "1563273915935": {
            "type": "collection",
            "settings": {
              "collection": "rings"
            }
          },
          "1563273889979": {
            "type": "collection",
            "settings": {
              "collection": "necklace"
            }
          },
          "1563273910439": {
            "type": "collection",
            "settings": {
              "collection": "earring"
            }
          },
          "1563273896630": {
            "type": "collection",
            "settings": {
              "collection": "new-jewellery"
            }
          },
          "1563273905106": {
            "type": "collection",
            "settings": {
              "collection": "special-jewellery"
            }
          }
        },
        "block_order": [
          "1563273883873",
          "1563273915935",
          "1563273889979",
          "1563273910439",
          "1563273896630",
          "1563273905106"
        ],
        "settings": {
          "display_type": "selected",
          "sort": "alphabetical",
          "grid": "4"
        }
      },
      "cart-template": {
        "type": "cart-template",
        "settings": {
          "cart_notes_enable": true
        }
      },
      "aboutus-page": {
        "type": "aboutus-page",
        "blocks": {
          "1578653420863": {
            "type": "image",
            "settings": {
              "service-image": "shopify:\/\/shop_images\/icon-1.png",
              "service-title": "FREE RESOURCES",
              "service-desc": "Bring to the table win-win survival strategies to ensure proactive domination. At the end of the day, going forward",
              "link": "\/"
            }
          },
          "1578653765352": {
            "type": "image",
            "settings": {
              "service-image": "shopify:\/\/shop_images\/icon-2.png",
              "service-title": "MULTI PURPOSE",
              "service-desc": "Bring to the table win-win survival strategies to ensure proactive domination. At the end of the day, going forward",
              "link": "\/"
            }
          },
          "1578653851985": {
            "type": "image",
            "settings": {
              "service-image": "shopify:\/\/shop_images\/icon-3.png",
              "service-title": "FULLY RESPONSIVE",
              "service-desc": "Bring to the table win-win survival strategies to ensure proactive domination. At the end of the day, going forward",
              "link": "\/"
            }
          }
        },
        "block_order": [
          "1578653420863",
          "1578653765352",
          "1578653851985"
        ],
        "settings": {
          "show_aboutblock": true,
          "image": "shopify:\/\/shop_images\/aboutusbanner1.png",
          "bannerhover1": "fadeinoutbordercorner",
          "bannerimage1_link": "\/",
          "heading": "We Have Everything You Need ?",
          "info": "<p>Lorem ipsum, or lipsum as it is sometimes known, is dummy text used in laying out print, graphic or web designs. The passage is attributed to an unknown typesetter in the 15th century who is thought to have scrambled parts of Cicero's De Finibus Bonorum et Malorum for use in a type specimen book.Lorem ipsum.<\/p>",
          "about_btn": "CONTACT US",
          "btn_link": "shopify:\/\/pages\/contact",
          "show_aboutbanner": true,
          "image2": "shopify:\/\/shop_images\/aboutusbanner2.png",
          "bannerhover2": "fadeinoutbordercorner",
          "bannerimage2_link": "\/",
          "heading2": "We Have Everything You Need ?",
          "info2": "<p>Lorem ipsum, or lipsum as it is sometimes known, is dummy text used in laying out print, graphic or web designs. The passage is attributed to an unknown typesetter in the 15th century who is thought to have scrambled parts of Cicero's De Finibus Bonorum et Malorum for use in a type specimen book.Lorem ipsum.<\/p>",
          "about_btn2": "CONTACT US",
          "btn_link2": "shopify:\/\/pages\/contact",
          "formheading": "Somthing About Us?",
          "formsubheading": "Leverage agile frameworks to provide a robust synopsis for high level overviews. Iterative to corporate strategy to the table win-win survival strategies to ensure"
        }
      },
      "faq-page": {
        "type": "faq-page",
        "blocks": {
          "1578654706283": {
            "type": "faq-block",
            "settings": {
              "faq-title": "How long is Lorem Ipsum?",
              "faq-subtitle": "Lorem ipsum dolor sit amet, consectetur adipiscing elit, sed do eiusmod tempor incididunt ut labore et dolore magna aliqua. Ut enim ad minim veniam, quis nostrud exercitation ullamco laboris nisi ut aliquip ex ea commodo consequat. Duis aute irure dolor in reprehenderit in voluptate velit esse cillum dolore eu fugiat nulla pariatur. Excepteur sint occaecat cupidatat non proident."
            }
          },
          "1578654720188": {
            "type": "faq-block",
            "settings": {
              "faq-title": "What is a Lorem Ipsum generator?",
              "faq-subtitle": "Derived from Latin dolorem ipsum (“pain itself”), Lorem Ipsum is filler text used by publishers and graphic designers used to demonstrate graphic elements. Let's say you're drafting the ultimate content marketing strategy. \n<ul>\n<li>ipsum dolor sit amet consectetur.<\/li>\n<li>Ut enim ad minim veniam quis nostrud.<\/li>\n<li>Excepteur sint occaecat cupidatat.<\/li>\n<li>sunt in culpa qui officia deserunt mollit anim id est laborum.<\/li>\n<\/ul>"
            }
          },
          "1578654741762": {
            "type": "faq-block",
            "settings": {
              "faq-title": "Ut enim ad minim veniam quis nostrud?",
              "faq-subtitle": "tempor incididunt ut labore et dolore magna aliqua. Ut enim ad minim veniam, quis nostrud exercitation ullamco laboris nisi ut aliquip ex ea commodo consequat. Duis aute irure dolor in reprehenderit in voluptate velit esse cillum dolore eu fugiat nulla pariatur. Excepteur sint occaecat cupidatat non proident, sunt in culpa qui officia deserunt mollit anim id est laborum."
            }
          },
          "1578654767559": {
            "type": "faq-block",
            "settings": {
              "faq-title": "Minim veniam quis enim?",
              "faq-subtitle": "tempor incididunt ut labore et dolore magna aliqua. Ut enim ad minim veniam, quis nostrud exercitation ullamco laboris nisi ut aliquip ex ea commodo consequat. Duis aute irure dolor in reprehenderit in voluptate velit esse cillum dolore eu fugiat nulla pariatur. Excepteur sint occaecat cupidatat non proident, sunt in culpa qui officia deserunt mollit anim id est laborum."
            }
          },
          "1578654806215": {
            "type": "faq-block",
            "settings": {
              "faq-title": "who is thought to have scrambled parts of Cicero?",
              "faq-subtitle": "The purpose of lorem ipsum is to create a natural looking block of text (sentence, paragraph, page, etc.) that doesn't distract from the layout. A practice not without controversy, laying out pages with meaningless filler text can be very useful when the focus is meant to be on design, not content."
            }
          },
          "1578654833894": {
            "type": "faq-block",
            "settings": {
              "faq-title": "What is the use of Lorem Ipsum?",
              "faq-subtitle": "In publishing and graphic design, lorem ipsum is a filler text commonly used to demonstrate the graphic elements of a document or visual presentation. Replacing meaningful content that could be distracting with placeholder text may allow viewers to focus on graphic aspects such as font, typography, and page layout."
            }
          },
          "1578654855104": {
            "type": "faq-block",
            "settings": {
              "faq-title": "How do I generate Lorem Ipsum in Word?",
              "faq-subtitle": "Lorem ipsum, or lipsum as it is sometimes known, is dummy text used in laying out print, graphic or web designs. The passage is attributed to an unknown typesetter in the 15th century who is thought to have scrambled parts of Cicero's De Finibus Bonorum et Malorum for use in a type specimen book"
            }
          },
          "1578654873303": {
            "type": "faq-block",
            "settings": {
              "faq-title": "What is Lorem Ipsum in HTML?",
              "faq-subtitle": "sed do eiusmod tempor incididunt ut labore et dolore magna aliqua. Ut enim ad minim veniam, quis nostrud exercitation ullamco laboris nisi ut aliquip ex ea commodo consequat. Duis aute irure dolor in reprehenderit in voluptate velit esse cillum dolore eu fugiat nulla pariatur. Excepteur sint occaecat cupidatat non proident, sunt in culpa qui officia deserunt mollit anim id est laborum."
            }
          },
          "1578654889997": {
            "type": "faq-block",
            "settings": {
              "faq-title": "How do I get Lorem Ipsum text in Sublime Text?",
              "faq-subtitle": "An extension for Sublime Text 2 and 3! It allows you to Insert Lorem Ipsum in the editor via menu items or keyboard shortcut. Select how much text you want from the menu item in Lorem Ipsum or on the right click menu in Lorem Ipsum to add Lorem Ipsum text."
            }
          },
          "1578654906087": {
            "type": "faq-block",
            "settings": {
              "faq-title": "Lorem Ipsum generator?",
              "faq-subtitle": "tempor incididunt ut labore et dolore magna aliqua. Ut enim ad minim veniam, quis nostrud exercitation ullamco laboris nisi ut aliquip ex ea commodo consequat. Duis aute irure dolor in reprehenderit in voluptate velit esse cillum dolore eu fugiat nulla pariatur. Excepteur sint occaecat cupidatat non proident, sunt in culpa qui officia deserunt mollit anim id est laborum."
            }
          }
        },
        "block_order": [
          "1578654706283",
          "1578654720188",
          "1578654741762",
          "1578654767559",
          "1578654806215",
          "1578654833894",
          "1578654855104",
          "1578654873303",
          "1578654889997",
          "1578654906087"
        ],
        "settings": {
          "show_counter": true
        }
      },
      "blog-template": {
        "type": "blog-template",
        "settings": {
          "blog_show_author": true,
          "blog_show_date": true
        }
      },
      "1580789541006": {
        "type": "Ishi_categoryblock",
        "blocks": {
          "1580789584021": {
            "type": "image",
            "settings": {
              "image": "shopify:\/\/shop_images\/C1_c7669285-265c-4581-96d3-063ade38d244.png",
              "category-title": "Golden Necklace",
              "button_link": "shopify:\/\/collections\/necklace"
            }
          },
          "1580789596564": {
            "type": "image",
            "settings": {
              "image": "shopify:\/\/shop_images\/C2_2a3ba19e-1b58-4242-bcf5-ac44ca442ab9.png",
              "category-title": "Earring Collection",
              "button_link": "shopify:\/\/collections\/earring"
            }
          },
          "1580789602218": {
            "type": "image",
            "settings": {
              "image": "shopify:\/\/shop_images\/C3_8ec01886-50b7-43b1-9dbe-15ef066577aa.png",
              "category-title": "Attractive Earring",
              "button_link": "shopify:\/\/collections\/ring"
            }
          },
          "1580789607456": {
            "type": "image",
            "settings": {
              "image": "shopify:\/\/shop_images\/C4_7f83d1ca-b6c7-4f04-99a7-7c568af46ab2.png",
              "category-title": "Gold Plated Necklace",
              "button_link": "shopify:\/\/collections\/necklace"
            }
          }
        },
        "block_order": [
          "1580789584021",
          "1580789596564",
          "1580789602218",
          "1580789607456"
        ],
        "settings": {
          "section_bottom_spacing_desktop": 70,
          "section_bottom_spacing_mobile": 30
        }
      },
      "1580886335990": {
        "type": "Ishi_productsblock",
        "blocks": {
          "1580886373406": {
            "type": "logo_image",
            "settings": {
              "title": "",
              "collection": "special-jewellery",
              "show_view_all": false
            }
          }
        },
        "block_order": [
          "1580886373406"
        ],
        "settings": {
          "title1": "Special Products",
          "title2": "",
          "totalproduct_limit": 12,
          "rowproduct_limit_Small": 2,
          "rowproduct_limit_Mobile": 2,
          "rowproduct_limit_Tablet": 3,
          "rowproduct_limit_Laptop": 3,
          "rowproduct_limit_Desktop": 4,
          "max_products_rows": "1",
          "section_bottom_spacing_desktop": 70,
          "section_bottom_spacing_mobile": 30
        }
      },
      "1580988188840": {
        "type": "Ishi-Newsletter",
        "settings": {
          "newsletter_background": "#f7f7f7",
          "heading": "Sign Up & Get Offers",
          "sub-heading": "Lorem ipsum dolor sit amet conse ctetur adipisicing elit",
          "show_banner": true,
          "bannerimage1": "shopify:\/\/shop_images\/Gift_1ce4cd2d-407d-4945-9d19-65ed46d71fda.png",
          "banner1_scale_enable": false,
          "bannerhover1": "fadeoutcenter",
          "banner1_link": "shopify:\/\/collections\/earring",
          "section_bottom_spacing_desktop": 70,
          "section_bottom_spacing_mobile": 30
        }
      },
      "header_layout2": {
        "type": "header_layout2",
        "blocks": {
          "1585374526940": {
            "type": "image",
            "settings": {
              "service-image": "shopify:\/\/shop_images\/1.png",
              "service-title": "FREE WORDWIDE DELIVERY",
              "service-desc": "Lorem ipsum Dolor Site Amet",
              "link": "\/"
            }
          },
          "1585374722687": {
            "type": "image",
            "settings": {
              "service-image": "shopify:\/\/shop_images\/3.png",
              "service-title": "FREE GIFT VOUCHER",
              "service-desc": "Lorem ipsum Dolor Site Amet",
              "link": "\/"
            }
          },
          "1585374840222": {
            "type": "image",
            "settings": {
              "service-image": "shopify:\/\/shop_images\/5.png",
              "service-title": "MONEY BACK GAURANTEE",
              "service-desc": "Lorem ipsum Dolor Site Amet",
              "link": "\/"
            }
          },
          "1585374858266": {
            "type": "image",
            "settings": {
              "service-image": "shopify:\/\/shop_images\/7.png",
              "service-title": "24X7 SUPPORT ASSISTANT",
              "service-desc": "Lorem ipsum Dolor Site Amet",
              "link": "\/"
            }
          }
        },
        "block_order": [
          "1585374526940",
          "1585374722687",
          "1585374840222",
          "1585374858266"
        ],
        "settings": {
          "headertitle": "Hello Customer Big Discount Today!",
          "logo": "shopify:\/\/shop_images\/Logo.png",
          "logo_max_width": "165",
          "show_checkout": true,
          "show_wishlist": true
        }
      },
      "header_layout1": {
        "type": "header_layout1",
        "blocks": {
          "1587206025317": {
            "type": "text_block",
            "settings": {
              "title": "Jewellery",
              "button_link": "shopify:\/\/collections\/jewellery",
              "blog_show_new": true,
              "blog_show_sale": false,
              "blog_show_hot": false,
              "navbar": "ring",
              "button_link1": "shopify:\/\/collections\/rings",
              "navbar1": "necklace",
              "button_link2": "shopify:\/\/collections\/necklace",
              "navbar2": "earring",
              "button_link3": "shopify:\/\/collections\/earring",
              "blog_show_collection": true,
              "collection-title": "Special Product",
              "button_link5": "shopify:\/\/products\/the-golden-bangless",
              "product": "the-golden-bangless",
              "image1": "shopify:\/\/shop_images\/menu1.png",
              "bannerlink1": "\/",
              "image2": "shopify:\/\/shop_images\/menu2.png",
              "bannerlink2": "\/"
            }
          },
          "1587206267937": {
            "type": "text_block",
            "settings": {
              "title": "Accessoriese",
              "button_link": "shopify:\/\/collections\/ring",
              "blog_show_new": false,
              "blog_show_sale": false,
              "blog_show_hot": false,
              "navbar": "ring",
              "button_link1": "shopify:\/\/collections\/rings",
              "navbar1": "earring",
              "button_link2": "shopify:\/\/collections\/earring",
              "navbar2": "",
              "blog_show_collection": true,
              "collection-title": "New Arrivals",
              "button_link5": "shopify:\/\/products\/the-good-pendant-set-silver",
              "product": "the-good-pendant-set-silver"
            }
          },
          "1587206188062": {
            "type": "text_block",
            "settings": {
              "title": "Category",
              "button_link": "shopify:\/\/collections\/earring",
              "blog_show_new": false,
              "blog_show_sale": true,
              "blog_show_hot": false,
              "navbar": "earring",
              "button_link1": "shopify:\/\/collections\/earring",
              "navbar1": "necklace",
              "button_link2": "shopify:\/\/collections\/necklace",
              "navbar2": "",
              "blog_show_collection": false,
              "collection-title": "",
              "product": "",
              "image1": "shopify:\/\/shop_images\/menu3.png",
              "bannerlink1": "\/"
            }
          },
          "1587206442032": {
            "type": "text_block",
            "settings": {
              "title": "Contact",
              "button_link": "shopify:\/\/pages\/contact",
              "blog_show_new": false,
              "blog_show_sale": false,
              "blog_show_hot": false,
              "navbar": "",
              "navbar1": "",
              "navbar2": "",
              "blog_show_collection": false,
              "collection-title": "",
              "product": ""
            }
          },
          "1587206471825": {
            "type": "text_block",
            "settings": {
              "title": "FAQs",
              "button_link": "shopify:\/\/pages\/faqs",
              "blog_show_new": false,
              "blog_show_sale": false,
              "blog_show_hot": true,
              "navbar": "",
              "navbar1": "",
              "navbar2": "",
              "blog_show_collection": false,
              "collection-title": "",
              "product": ""
            }
          },
          "1587206455624": {
            "type": "text_block",
            "settings": {
              "title": "About Us",
              "button_link": "shopify:\/\/pages\/about-us",
              "blog_show_new": true,
              "blog_show_sale": false,
              "blog_show_hot": false,
              "navbar": "",
              "navbar1": "",
              "navbar2": "",
              "blog_show_collection": false,
              "collection-title": "",
              "product": ""
            }
          }
        },
        "block_order": [
          "1587206025317",
          "1587206267937",
          "1587206188062",
          "1587206442032",
          "1587206471825",
          "1587206455624"
        ],
        "settings": {
          "headertitle": "Hello Customer Big Discount Today!",
          "logo": "shopify:\/\/shop_images\/Logo_6ec2d26d-e156-47f8-b06b-25e7933321a0.png",
          "logo_max_width": "165",
          "show_checkout": true,
          "show_wishlist": true,
          "show_contact": true
        }
      },
      "header_layout3": {
        "type": "header_layout3",
        "settings": {
          "headertitle": "Hello Customer Big Discount Today!",
          "logo": "shopify:\/\/shop_images\/Logo.png",
          "logo_max_width": "165",
          "show_checkout": true,
          "show_wishlist": true
        }
      },
      "header_layout4": {
        "type": "header_layout4",
        "blocks": {
          "1585379361941": {
            "type": "image",
            "settings": {
              "service-image": "shopify:\/\/shop_images\/1.png",
              "service-title": "FREE WORDWIDE DELIVERY",
              "service-desc": "Lorem ipsum Dolor Site Amet",
              "link": "\/"
            }
          },
          "1585379383626": {
            "type": "image",
            "settings": {
              "service-image": "shopify:\/\/shop_images\/3.png",
              "service-title": "FREE GIFT VOUCHER",
              "service-desc": "Lorem ipsum Dolor Site Amet",
              "link": "\/"
            }
          },
          "1585379396827": {
            "type": "image",
            "settings": {
              "service-image": "shopify:\/\/shop_images\/5.png",
              "service-title": "MONEY BACK GAURANTEE",
              "service-desc": "Lorem ipsum Dolor Site Amet",
              "link": "\/"
            }
          },
          "1585379401311": {
            "type": "image",
            "settings": {
              "service-image": "shopify:\/\/shop_images\/7.png",
              "service-title": "24X7 SUPPORT ASSISTANT",
              "service-desc": "Lorem ipsum Dolor Site Amet",
              "link": "\/"
            }
          }
        },
        "block_order": [
          "1585379361941",
          "1585379383626",
          "1585379396827",
          "1585379401311"
        ],
        "settings": {
          "headertitle": "Hello Customer Big Discount Today!",
          "logo": "shopify:\/\/shop_images\/Logo.png",
          "logo_max_width": "165"
        }
      },
      "footer_layout1": {
        "type": "footer_layout1",
        "blocks": {
          "1585208528246": {
            "type": "brand_block",
            "settings": {
              "image2": "shopify:\/\/shop_images\/Brand-Logo-1.png",
              "link2": "\/"
            }
          },
          "1585208544500": {
            "type": "brand_block",
            "settings": {
              "image2": "shopify:\/\/shop_images\/Brand-Logo-2.png",
              "link2": "\/"
            }
          },
          "1585208556052": {
            "type": "brand_block",
            "settings": {
              "image2": "shopify:\/\/shop_images\/Brand-Logo-3.png",
              "link2": "\/"
            }
          },
          "1585208567342": {
            "type": "brand_block",
            "settings": {
              "image2": "shopify:\/\/shop_images\/Brand-Logo-4.png",
              "link2": "\/"
            }
          },
          "1585208579291": {
            "type": "brand_block",
            "settings": {
              "image2": "shopify:\/\/shop_images\/Brand-Logo-5.png",
              "link2": "\/"
            }
          },
          "1585208598500": {
            "type": "brand_block",
            "settings": {
              "image2": "shopify:\/\/shop_images\/Brand-Logo-6.png",
              "link2": "\/"
            }
          }
        },
        "block_order": [
          "1585208528246",
          "1585208544500",
          "1585208556052",
          "1585208567342",
          "1585208579291",
          "1585208598500"
        ],
        "settings": {
          "footerimage": "",
          "image": "shopify:\/\/shop_images\/Logo.png",
          "text": "<p>Our email subscribers get the inside scoop on new products, promotions, contests and more. Sign up, its the right thing to do.<\/p>",
          "link1_title": "YOUR ACCOUNT",
          "footer_linklist_two": "account",
          "link2_title": "PRODUCTS",
          "footer_linklist_three": "extras",
          "link3_title": "OUR COMPANY",
          "footer_linklist_one": "information",
          "store_title": "STORE INFORMATION",
          "show_email": true,
          "show_address": true,
          "show_contact": true,
          "copyright": "<p>© 2020, Infinite Sectioned Shopify Theme Powered by Shopify<\/p>",
          "show_social": true,
          "show_payment": true,
          "show_visa": true,
          "show_paypal": true,
          "show_mastercard": true,
          "show_discover": true,
          "show_americanexpress": true,
          "show_googlewallet": false
        }
      },
      "footer_layout2": {
        "type": "footer_layout2",
        "settings": {
          "image": "shopify:\/\/shop_images\/Logo_6ec2d26d-e156-47f8-b06b-25e7933321a0.png",
          "text": "<p>Lorem ipsum dolor sit amet conse ctetur adipisicing elit, sed do eiusmod tempor incididunt ut labore adipisicing elit, sed do eiusmod. Fusce quisest bibendum ornare erat in pretium aliquam.<\/p>",
          "follow_title": "FOLLOW US",
          "link1_title": "YOUR ACCOUNT",
          "footer_linklist_two": "account",
          "link2_title": "PRODUCTS",
          "footer_linklist_three": "extras",
          "link3_title": "OUR COMPANY",
          "footer_linklist_one": "information",
          "store_title": "STORE INFORMATION",
          "show_email": true,
          "show_address": true,
          "show_contact": true,
          "copyright": "<p>© 2021, Infinite Sectioned Shopify Theme Powered by Shopify<\/p>",
          "show_payment": true,
          "show_visa": true,
          "show_paypal": true,
          "show_mastercard": true,
          "show_discover": true,
          "show_americanexpress": true,
          "show_googlewallet": false
        }
      },
      "footer_layout3": {
        "type": "footer_layout3",
        "settings": {
          "footerimage": "",
          "contact-title": "Contact Us",
          "show_email": true,
          "show_address": true,
          "show_contact": true,
          "image": "shopify:\/\/shop_images\/Logo.png",
          "footer_linklist_one": "account",
          "newsletter-title": "Newsletter",
          "show_social": true,
          "copyright": "<p>© 2020, Infinite Sectioned Shopify Theme Powered by Shopify<\/p>",
          "show_payment": true,
          "show_visa": true,
          "show_paypal": true,
          "show_mastercard": true,
          "show_discover": true,
          "show_americanexpress": true,
          "show_googlewallet": false
        }
      },
      "1587188877349": {
        "type": "Ishi_bannerblock",
        "blocks": {
          "1587188883598": {
            "type": "image",
            "settings": {
              "image": "shopify:\/\/shop_images\/Banner-1_d891234f-1814-43d4-bf36-04226b9b93a2.png",
              "banner_scale_enable": false,
              "bannerhover": "fadeinrotate3D",
              "banner_link": "shopify:\/\/collections\/earring"
            }
          },
          "1587188905978": {
            "type": "image",
            "settings": {
              "image": "shopify:\/\/shop_images\/Banner-2_dc3828ed-47c5-4d77-ad60-c37d7468dc1d.png",
              "banner_scale_enable": false,
              "bannerhover": "fadeinrotate3D",
              "banner_link": "shopify:\/\/collections\/earring"
            }
          }
        },
        "block_order": [
          "1587188883598",
          "1587188905978"
        ],
        "settings": {
          "banner_layout": "box",
          "banner_columns": "2",
          "banner_leftright_internal_padding": 30,
          "section_bottom_spacing_desktop": 40,
          "section_bottom_spacing_mobile": 0
        }
      },
      "1587192979538": {
        "type": "Ishi_parallaxblockstyle2",
        "settings": {
          "parallax_background": "full",
          "image": "shopify:\/\/shop_images\/Parallax_2fb7f1f4-60d3-42b6-afcb-56639469107f.png",
          "parallaxcolor": "#f3f3f3",
          "parallaxtextcolor1": "#000000",
          "parallaxtextcolor2": "#000000",
          "parallax_topbottom_internal_padding": 100,
          "parallax_text_position": "left",
          "offer": "Start Today !",
          "main-title": "The Trends<span> Benefits<\/span>",
          "subtitle": "Select From Wide Range of Collection",
          "discount": "-40%",
          "button_label": "SHOP NOW",
          "button_link": "\/",
          "section_bottom_spacing_desktop": 70,
          "section_bottom_spacing_mobile": 30
        }
      },
      "1587202955416": {
        "type": "Ishi_blogstyle1",
        "settings": {
          "blogtitle": "Latest News",
          "blog_background": "full",
          "blogcolor": "#ffffff",
          "blog_topbottom_internal_padding": 0,
          "blog": "jewellery",
          "post_limit": 6,
          "blog_show_author": false,
          "blog_show_date": true,
          "blog_show_comment": true,
          "show_view_all": false,
          "section_bottom_spacing_desktop": 60,
          "section_bottom_spacing_mobile": 30
        }
      },
      "cookieconsent": {
        "type": "cookieconsent",
        "settings": {
          "enable": true,
          "cookieconsent_position": "left",
          "cookieconsent_description": "<p>This is a cookie consent dialog which comes free of cost with the theme! You can use it if you want or disable it.<\/p>",
          "cookieconsent_btntext": "Got it!",
          "cookieconsent_bgcolor": "#000000",
          "cookieconsent_bgcoloropacity": 0.9,
          "cookieconsent_btnbgcolor": "#ffffff",
          "cookieconsent_btntextcolor": "#000000"
        }
      },
      "newsletterpopup": {
        "type": "newsletterpopup",
        "settings": {
          "enable": true,
          "show_onall_page": false,
          "image": "shopify:\/\/shop_images\/newsletterpopup_aa88d4ba-f6c7-480b-b17c-9838880ba4d1.png",
          "bgcolor": "#fff5f4",
          "textcolor": "#000000",
          "image_position": "left",
          "text_position": "right",
          "maintitle": "SUBSCRIBE AND GET DISCOUNT!",
          "subtitle": "Subscribe to the newsletter to receive updates about new products.",
          "show_social": true
        }
      },
      "1601288927748": {
        "type": "Ishi_servicesblock",
        "blocks": {
          "1601288942101": {
            "type": "image",
            "settings": {
              "service-image": "shopify:\/\/shop_images\/s1.png",
              "service-title": "FREE SHIPPING",
              "service-desc": "Lorem Ipsum is simply dummy",
              "link": "\/"
            }
          },
          "1601289001552": {
            "type": "image",
            "settings": {
              "service-image": "shopify:\/\/shop_images\/s2.png",
              "service-title": "ONLINE SUPPORT",
              "service-desc": "Lorem Ipsum is simply dummy",
              "link": "\/"
            }
          },
          "1601289033277": {
            "type": "image",
            "settings": {
              "service-image": "shopify:\/\/shop_images\/s3.png",
              "service-title": "GIFT VOUCHER",
              "service-desc": "Lorem Ipsum is simply dummy",
              "link": "\/"
            }
          },
          "1601289062269": {
            "type": "image",
            "settings": {
              "service-image": "shopify:\/\/shop_images\/s4.png",
              "service-title": "MONEY BACK",
              "service-desc": "Lorem Ipsum is simply dummy",
              "link": "\/"
            }
          }
        },
        "block_order": [
          "1601288942101",
          "1601289001552",
          "1601289033277",
          "1601289062269"
        ],
        "settings": {
          "service_layout": "box",
          "section_bottom_spacing_desktop": 70,
          "section_bottom_spacing_mobile": 30
        }
      },
      "1601289146999": {
        "type": "Ishi_storyblockstyle1",
        "settings": {
          "story_background": "full",
          "storycolor": "#ffffff",
          "storycolor1": "#000000",
          "storycolor2": "#888888",
          "story_topbottom_internal_padding": 0,
          "image": "shopify:\/\/shop_images\/About_Us_ef14c933-3ebb-46b8-9ec1-56d5c51e9815.png",
          "banner_position": "left",
          "headertitle": "All About <span>Jewellery !<\/span>",
          "text": "<p>Lorem Ipsum is simply dummy text of the printing and typesetting industry. Lorem Ipsum has been the industry&#x27;s standard dummy text ever since the 1500s, when an unknown printer took a galley of type and scrambled it to make a type specimen book. It has survived not only five centuries, but also the leap into electronic typesetting, remaining essentially unchanged. It was popularised in the 1960s with the release of Letraset sheets containing Lorem Ipsum passages, and more recently with desktop publishing software like Aldus PageMaker including versions of Lorem Ipsum.<\/p>",
          "button_label": "VIEW MORE",
          "button_link": "\/",
          "section_bottom_spacing_desktop": 70,
          "section_bottom_spacing_mobile": 30
        }
      },
      "160455788954f63bed": {
        "type": "Ishi_Instagramblockstyle1",
        "settings": {
          "insta_layout": "full",
          "title1": "Follow Us",
          "accestoken": "IGQVJWcGRFRmp6VWQ1ZA1VOWm5zNFN1ZAGIzSlBmMVZAqQ1ZAZAVE1XazN1T2dSZAmNHa2FJWE9qcXFZAam1GTTVvZAGlHZA3o3SC1ySlJkX1V2ck1ncXM5OUlaOHI3bnVaTDhTOVlRQWNqaFZAmX1BSR3lpV21XcgZDZD",
          "username": "Instagram",
          "greyscale": false,
          "rowproduct_limit_Small": 2,
          "rowproduct_limit_Mobile": 3,
          "rowproduct_limit_Tablet": 5,
          "rowproduct_limit_Laptop": 5,
          "rowproduct_limit_Desktop": 7,
          "section_bottom_spacing_desktop": 70,
          "section_bottom_spacing_mobile": 30
        }
      }
    },
    "content_for_index": [
      "1562828445846",
      "1580789541006",
      "1562828575181",
      "1587192979538",
      "1601288927748",
      "1601289146999",
      "1587188877349",
      "1580886335990",
      "1580988188840",
      "1587202955416",
      "160455788954f63bed"
    ]
  },
  "presets": {
    "Default": {
      "color_text": "#3d4246",
      "color_body_text": "#788188",
      "color_sale_text": "#7796A8",
      "color_borders": "#e8e9eb",
      "color_button": "#7796A8",
      "color_button_text": "#fff",
      "color_small_button": "#fff",
      "color_small_button_text": "#3d4246",
      "color_text_field": "#fff",
      "color_text_field_text": "#000",
      "color_image_overlay_text": "#fff",
      "color_image_overlay": "#3d4246",
      "image_overlay_opacity": "25",
      "color_body_bg": "#fff",
      "type_header_family": "Google_Work+Sans_600_sans",
      "type_header_base_size": "26px",
      "type_base_family": "Google_Work+Sans_400_sans",
      "type_base_size": "16px",
      "type_bold_product_titles": false,
      "share_facebook": true,
      "share_twitter": true,
      "share_pinterest": true,
      "content_for_index": [

      ]
    },
    "Light": {
      "color_text": "#162950",
      "color_body_text": "#757575",
      "color_sale_text": "#ff574f",
      "color_borders": "#e4e4e4",
      "color_button": "#ff574f",
      "color_button_text": "#ffffff",
      "color_small_button": "#eaeaea",
      "color_small_button_text": "#162950",
      "color_text_field": "#ffffff",
      "color_text_field_text": "#162950",
      "color_image_overlay_text": "#ffffff",
      "color_image_overlay": "#3d3d3d",
      "image_overlay_opacity": "30",
      "color_body_bg": "#f8f8f8",
      "type_header_family": "Google_Muli_600_sans",
      "type_header_base_size": "26px",
      "type_base_family": "Google_Muli_600_sans",
      "type_base_size": "18px",
      "type_bold_product_titles": true,
      "share_facebook": true,
      "share_twitter": true,
      "share_pinterest": true,
      "social_twitter_link": "",
      "social_facebook_link": "",
      "social_pinterest_link": "",
      "social_instagram_link": "",
      "social_tumblr_link": "",
      "social_snapchat_link": "",
      "social_youtube_link": "",
      "social_vimeo_link": "",
      "favicon": "",
      "checkout_header_image": "",
      "checkout_logo_image": "",
      "checkout_logo_position": "left",
      "checkout_logo_size": "small",
      "checkout_body_background_image": "",
      "checkout_body_background_color": "#ffffff",
      "checkout_input_background_color_mode": "white",
      "checkout_sidebar_background_image": "",
      "checkout_sidebar_background_color": "#e8f3f6",
      "checkout_heading_font": "Roboto",
      "checkout_body_font": "Source Sans Pro",
      "checkout_accent_color": "#1990c6",
      "checkout_button_color": "#23314e",
      "checkout_error_color": "#ff6d6d",
      "content_for_index": [

      ]
    }
  }
}