[{"name":"theme_info","theme_name":"Infinite","theme_author":"Ishi Themes","theme_version":"1.2.6","theme_documentation_url":"http:\/\/demo.ishithemes.com\/shopify\/documentation\/SHOPY052\/","theme_support_url":"https:\/\/ishithemes.freshdesk.com\/"},{"name":"Theme Configuration & Images","settings":[{"type":"header","content":"Header Layout"},{"type":"select","id":"header-layout","label":"Select Header Layout","default":"header_layout2","options":[{"value":"header_layout1","label":"Layout1"},{"value":"header_layout2","label":"Layout2"},{"value":"header_layout3","label":"Layout3"},{"value":"header_layout4","label":"Layout4"},{"value":"header_layout5","label":"Layout5"}]},{"type":"header","content":"Footer Layout"},{"type":"select","id":"footer-layout","label":"Select Footer Layout","default":"footer_layout1","options":[{"value":"footer_layout1","label":"Layout1"},{"value":"footer_layout2","label":"Layout2"},{"value":"footer_layout3","label":"Layout3"}]},{"type":"header","content":"Pre Loader"},{"type":"select","id":"loader-main","label":"Select Loader","default":"round-flip","options":[{"value":"rotate-slices","label":"Round Rotate Zoom"},{"value":"round-rotate-scale","label":"Round Rotate Scale"},{"value":"square-rotate","label":"Rotating Square"},{"value":"round-flip","label":"Fliping Disk"},{"value":"triangle-rotate","label":"Fliping Triangle"},{"value":"rotate-plane","label":"Fliping Square"},{"value":"round-rotate","label":"Native Loader"},{"value":"simple-dot-scaleout","label":"Zoomout Disk"},{"value":"dots-rotate","label":"Windows Loader"},{"value":"rotating-circle","label":"Rotating Circle"}]},{"type":"header","content":"Sidebar Settings"},{"type":"checkbox","id":"disable_sidebar","label":"Enabled?","default":true},{"type":"select","id":"collection_page_sidebar","label":"Select Layout For Collection Page","default":"left_sidebar","options":[{"value":"left_sidebar","label":"Left Sidebar"},{"value":"right_sidebar","label":"Right Sidebar"},{"value":"full_width","label":"Full Width"}]},{"type":"select","id":"product_page_sidebar","label":"Select Layout For Product Page","default":"left_sidebar","options":[{"value":"left_sidebar","label":"Left Sidebar"},{"value":"right_sidebar","label":"Right Sidebar"},{"value":"full_width","label":"Full Width"}]},{"type":"header","content":"Description"},{"type":"text","id":"show_description","label":"Length of Characters for Short Product Description in the entire Theme","default":"200"},{"type":"header","content":"Back To Top Button"},{"type":"checkbox","id":"enable_slidetop","label":"Enabled?","default":true},{"type":"header","content":"Size chart"},{"type":"page","id":"sizechart_handle","label":"Select Page"},{"type":"header","content":"breadcrumb Settings"},{"type":"checkbox","id":"show_breadcrumb","label":"Enable Breadcrumb?","default":true},{"type":"image_picker","id":"breadcrumb","label":"Background Image","info":"Size: 1920px X 650px"},{"type":"color","id":"breadcrumb_background","label":"Background Color","default":"#d7cecc"},{"type":"color","id":"breadcrumb-color","label":"Text Color","default":"#000000"},{"type":"header","content":"password page Settings"},{"type":"image_picker","id":"password","label":"Background Image","info":"Size: 1920px X 1000px"},{"type":"color","id":"password_background","label":"Background Color","default":"#d7cecc"},{"type":"header","content":"Favicon"},{"type":"image_picker","id":"favicon","label":"Favicon image","info":"Will be scaled down to 32 x 32px"}]},{"name":"Colors","settings":[{"type":"header","content":"Theme Color"},{"type":"color","id":"brand-secondary","label":"Theme Color1","default":"#fdad00"},{"type":"color","id":"brand-third","label":"Theme Color2","default":"#e00523"},{"type":"header","content":"Header Color","info":"Applies to top navigation bar above main menu."},{"type":"color","id":"navbar_background_color","label":"Navbar Background Color","default":"#000000"},{"type":"color","id":"navbar-text-color","label":"Navbar Text Color","default":"#ffffff"},{"type":"color","id":"header-icon-color","label":"Icon Color","default":"#e00523"},{"type":"color","id":"header-icon-hover-color","label":"Icon Hover Color","default":"#fdad00"},{"type":"color","id":"menu-bg-color","label":"Menu Background Color","default":"#232323"},{"type":"color","id":"menu-text-color","label":"Menu Text Color","default":"#000000"},{"type":"color","id":"menu-text-hover-color","label":"Menu Text Hover Color","default":"#000000"},{"type":"header","content":"Button Color","info":"Applies to all the buttons of the theme on all pages."},{"type":"color","id":"button-bg-color","label":"Background Color","default":"#fdad00"},{"type":"color","id":"button-text-color","label":"Text Color","default":"#000000"},{"type":"color","id":"button-bg-hover-color","label":"Background Hover Color","default":"#e00523"},{"type":"color","id":"button-text-hover-color","label":"Text Hover Color","default":"#ffffff"},{"type":"header","content":"Product Icon Color","info":"Applies to product sliders on home page and products on collection pages."},{"type":"color","id":"product-icon-color","label":"Product Icon Color","default":"#000000"},{"type":"color","id":"product-icon-hover-color","label":"Product Icon Hover Color","default":"#e00523"},{"type":"header","content":"Footer Colors","info":"Applies to footer section."},{"type":"color","id":"footer-bg-color","label":"Background Color","default":"#ffffff"},{"type":"color","id":"footer-heading-color","label":"Heading Color","default":"#000000"},{"type":"color","id":"footer-text-color","label":"Text Color","default":"#666666"},{"type":"color","id":"footer-text-hover-color","label":"Text Hover Color","default":"#fdad00"}]},{"name":"Typography","settings":[{"type":"header","content":"Primary font","info":"Loading unnecessary versions of the fonts might affect the theme's load time."},{"type":"select","id":"type_base_family","label":"Font","default":"Poppins","options":[{"value":"Quicksand","label":"Quicksand"},{"value":"Rubik","label":"Rubik"},{"value":"Open Sans","label":"Open Sans"},{"value":"Montserrat","label":"Montserrat"},{"value":"Poppins","label":"Poppins"},{"value":"Lato","label":"Lato"},{"value":"Oswald","label":"Oswald"},{"value":"PT Sans","label":"PT Sans"},{"value":"Roboto","label":"Roboto"},{"value":"Ubuntu","label":"Ubuntu"},{"value":"Work Sans","label":"Work Sans"},{"value":"Lora","label":"Lora"},{"value":"PT Serif","label":"PT Serif"}]},{"type":"checkbox","id":"weight_base_300","label":"Light","default":true},{"type":"checkbox","id":"weight_base_400","label":"Normal","default":true},{"type":"checkbox","id":"weight_base_500","label":"Medium","default":true},{"type":"checkbox","id":"weight_base_600","label":"Semi Bold","default":true},{"type":"checkbox","id":"weight_base_700","label":"Bold"},{"type":"header","content":"secondary font"},{"type":"checkbox","id":"show_secondary_font","label":"Use Secondary Font","info":"Loading unnecessary versions of the fonts might affect the theme's load time.","default":true},{"type":"select","id":"type_header_family","label":"Font","default":"Roboto","options":[{"value":"Quicksand","label":"Quicksand"},{"value":"Rubik","label":"Rubik"},{"value":"Open Sans","label":"Open Sans"},{"value":"Montserrat","label":"Montserrat"},{"value":"Poppins","label":"Poppins"},{"value":"Lato","label":"Lato"},{"value":"Oswald","label":"Oswald"},{"value":"PT Sans","label":"PT Sans"},{"value":"Roboto","label":"Roboto"},{"value":"Ubuntu","label":"Ubuntu"},{"value":"Work Sans","label":"Work Sans"},{"value":"Lora","label":"Lora"},{"value":"PT Serif","label":"PT Serif"}]},{"type":"checkbox","id":"weight_secondary_300","label":"Light","default":true},{"type":"checkbox","id":"weight_secondary_400","label":"Normal","default":true},{"type":"checkbox","id":"weight_secondary_500","label":"Medium","default":true},{"type":"checkbox","id":"weight_secondary_600","label":"Semi Bold","default":true},{"type":"checkbox","id":"weight_secondary_700","label":"Bold"}]},{"name":"Social Media","settings":[{"type":"header","content":"Social accounts"},{"type":"text","id":"social_twitter_link","label":"Twitter","info":"https:\/\/twitter.com\/shopify"},{"type":"text","id":"social_facebook_link","label":"Facebook","info":"https:\/\/facebook.com\/shopify"},{"type":"text","id":"social_pinterest_link","label":"Pinterest","info":"https:\/\/pinterest.com\/shopify"},{"type":"text","id":"social_instagram_link","label":"Instagram","info":"http:\/\/instagram.com\/shopify"},{"type":"text","id":"social_tumblr_link","label":"Tumblr","info":"http:\/\/shopify.tumblr.com"},{"type":"text","id":"social_snapchat_link","label":"Snapchat","info":"https:\/\/www.snapchat.com\/add\/shopify"},{"type":"text","id":"social_youtube_link","label":"YouTube","info":"https:\/\/www.youtube.com\/shopify"},{"type":"text","id":"social_vimeo_link","label":"Vimeo","info":"https:\/\/vimeo.com\/shopify"}]},{"name":"Custom Javascript","settings":[{"type":"textarea","id":"custom_javascript","label":"Custom Javascript"}]},{"name":"Custom CSS","settings":[{"type":"textarea","id":"custom_css","label":"Custom CSS"}]}]