{"pages":[{"id":51282182283,"title":"About Us","shop_id":32538165387,"handle":"about-us-1","body_html":"","author":null,"created_at":"2020-02-07T23:05:21-05:00","updated_at":"2020-02-07T23:05:21-05:00","published_at":"2020-02-07T23:05:21-05:00","template_suffix":"aboutus","admin_graphql_api_id":"gid:\/\/shopify\/OnlineStorePage\/51282182283"},{"id":51282215051,"title":"Contact Us","shop_id":32538165387,"handle":"contact","body_html":"","author":null,"created_at":"2020-02-07T23:05:39-05:00","updated_at":"2020-02-10T05:29:21-05:00","published_at":"2020-02-07T23:05:39-05:00","template_suffix":"contact","admin_graphql_api_id":"gid:\/\/shopify\/OnlineStorePage\/51282215051"},{"id":51282247819,"title":"FAQs","shop_id":32538165387,"handle":"faqs","body_html":"","author":null,"created_at":"2020-02-07T23:05:51-05:00","updated_at":"2020-02-07T23:05:51-05:00","published_at":"2020-02-07T23:05:51-05:00","template_suffix":"faq","admin_graphql_api_id":"gid:\/\/shopify\/OnlineStorePage\/51282247819"},{"id":51282116747,"title":"Wishlist","shop_id":32538165387,"handle":"wishlist","body_html":"","author":null,"created_at":"2020-02-07T23:04:06-05:00","updated_at":"2020-02-08T00:29:15-05:00","published_at":"2020-02-07T23:04:06-05:00","template_suffix":"wishlist","admin_graphql_api_id":"gid:\/\/shopify\/OnlineStorePage\/51282116747"}]}