{"articles":[{"id":386200436875,"title":"Windows to Mac in a Few Easy Steps","created_at":"2020-04-19T00:38:15-04:00","body_html":"Computer Troubleshooters offers step-by-step guidance on transitioning from a Windows laptop.","blog_id":60172238987,"author":"Ishi Themes","user_id":51517161611,"published_at":"2020-04-19T00:38:00-04:00","updated_at":"2020-04-23T08:10:19-04:00","summary_html":"","template_suffix":null,"handle":"windows-to-mac-in-a-few-easy-steps-1","tags":"","admin_graphql_api_id":"gid:\/\/shopify\/OnlineStoreArticle\/386200436875","image":{"created_at":"2020-04-19T00:38:15-04:00","alt":"","width":870,"height":588,"src":"https:\/\/cdn.shopify.com\/s\/files\/1\/0325\/3816\/5387\/articles\/6_eac839f9-bca8-4222-a791-b7359d5d33de.png?v=1587271095"}},{"id":386200404107,"title":"What’s It Mean for Your Business?","created_at":"2020-04-19T00:37:49-04:00","body_html":"Computer Troubleshooters offers step-by-step guidance on transitioning from a Windows laptop.","blog_id":60172238987,"author":"Ishi Themes","user_id":51517161611,"published_at":"2020-04-19T00:37:00-04:00","updated_at":"2020-04-23T08:10:23-04:00","summary_html":"","template_suffix":null,"handle":"what-s-it-mean-for-your-business","tags":"","admin_graphql_api_id":"gid:\/\/shopify\/OnlineStoreArticle\/386200404107","image":{"created_at":"2020-04-19T00:37:49-04:00","alt":"","width":870,"height":588,"src":"https:\/\/cdn.shopify.com\/s\/files\/1\/0325\/3816\/5387\/articles\/7_f99a8204-a0aa-482f-a289-73448777f136.png?v=1587271069"}},{"id":386200371339,"title":"Tech Tips to Manage Workplace","created_at":"2020-04-19T00:37:27-04:00","body_html":"Computer Troubleshooters offers step-by-step guidance on transitioning from a Windows laptop.","blog_id":60172238987,"author":"Ishi Themes","user_id":51517161611,"published_at":"2020-04-19T00:37:00-04:00","updated_at":"2020-04-23T08:09:26-04:00","summary_html":"","template_suffix":null,"handle":"tech-tips-to-manage-workplace","tags":"","admin_graphql_api_id":"gid:\/\/shopify\/OnlineStoreArticle\/386200371339","image":{"created_at":"2020-04-19T00:37:27-04:00","alt":"","width":870,"height":588,"src":"https:\/\/cdn.shopify.com\/s\/files\/1\/0325\/3816\/5387\/articles\/8_73647c68-fefc-4bb3-81fe-121923b1728b.png?v=1587271047"}},{"id":386200338571,"title":"When Choosing Business IT Support","created_at":"2020-04-19T00:37:01-04:00","body_html":"Computer Troubleshooters offers step-by-step guidance on transitioning from a Windows laptop.","blog_id":60172238987,"author":"Ishi Themes","user_id":51517161611,"published_at":"2020-04-19T00:36:00-04:00","updated_at":"2020-04-23T08:09:54-04:00","summary_html":"","template_suffix":null,"handle":"when-choosing-business-it-support","tags":"","admin_graphql_api_id":"gid:\/\/shopify\/OnlineStoreArticle\/386200338571","image":{"created_at":"2020-04-19T00:37:01-04:00","alt":"","width":870,"height":588,"src":"https:\/\/cdn.shopify.com\/s\/files\/1\/0325\/3816\/5387\/articles\/5_73428a71-d4d5-4362-b5f4-4202e37858ba.png?v=1587271021"}},{"id":386200305803,"title":"Tech Trends We’re Excited About","created_at":"2020-04-19T00:36:13-04:00","body_html":"Computer Troubleshooters offers step-by-step guidance on transitioning from a Windows laptop.","blog_id":60172238987,"author":"Ishi Themes","user_id":51517161611,"published_at":"2020-04-19T00:35:00-04:00","updated_at":"2020-04-23T08:09:59-04:00","summary_html":"","template_suffix":null,"handle":"tech-trends-we-re-excited-about","tags":"","admin_graphql_api_id":"gid:\/\/shopify\/OnlineStoreArticle\/386200305803","image":{"created_at":"2020-04-19T00:36:14-04:00","alt":"","width":870,"height":588,"src":"https:\/\/cdn.shopify.com\/s\/files\/1\/0325\/3816\/5387\/articles\/3_2cae3166-a7f2-475b-b7fc-d4269a867ca3.png?v=1587270974"}},{"id":386200273035,"title":"Transfer iPhone Photos to Computer","created_at":"2020-04-19T00:35:42-04:00","body_html":"Computer Troubleshooters offers step-by-step guidance on transitioning from a Windows laptop.","blog_id":60172238987,"author":"Ishi Themes","user_id":51517161611,"published_at":"2020-04-19T00:35:00-04:00","updated_at":"2020-04-23T08:09:30-04:00","summary_html":"","template_suffix":null,"handle":"transfer-iphone-photos-to-computer","tags":"","admin_graphql_api_id":"gid:\/\/shopify\/OnlineStoreArticle\/386200273035","image":{"created_at":"2020-04-19T00:35:42-04:00","alt":"","width":870,"height":588,"src":"https:\/\/cdn.shopify.com\/s\/files\/1\/0325\/3816\/5387\/articles\/4_d7104b5e-9666-4918-b40f-cbf52fd20781.png?v=1587270942"}},{"id":386200240267,"title":"Tricks and Treats to Boost Personal","created_at":"2020-04-19T00:34:50-04:00","body_html":"Computer Troubleshooters offers step-by-step guidance on transitioning from a Windows laptop or computer to a Mac.","blog_id":60172238987,"author":"Ishi Themes","user_id":51517161611,"published_at":"2020-04-19T00:34:00-04:00","updated_at":"2020-04-23T08:10:29-04:00","summary_html":"","template_suffix":null,"handle":"tricks-and-treats-to-boost-personal","tags":"","admin_graphql_api_id":"gid:\/\/shopify\/OnlineStoreArticle\/386200240267","image":{"created_at":"2020-04-19T00:34:50-04:00","alt":"","width":870,"height":588,"src":"https:\/\/cdn.shopify.com\/s\/files\/1\/0325\/3816\/5387\/articles\/2_2f2100f2-ea6e-4319-847e-fcec97292562.png?v=1587270890"}},{"id":386200207499,"title":"Secure Your Gmail Account","created_at":"2020-04-19T00:32:21-04:00","body_html":"Computer Troubleshooters offers step-by-step guidance on transitioning from a Windows laptop or computer to a Mac.","blog_id":60172238987,"author":"Ishi Themes","user_id":51517161611,"published_at":"2020-04-19T00:31:00-04:00","updated_at":"2020-04-23T08:10:55-04:00","summary_html":"","template_suffix":null,"handle":"windows-to-mac-in-a-few-easy-steps","tags":"","admin_graphql_api_id":"gid:\/\/shopify\/OnlineStoreArticle\/386200207499","image":{"created_at":"2020-04-19T00:33:57-04:00","alt":"","width":870,"height":588,"src":"https:\/\/cdn.shopify.com\/s\/files\/1\/0325\/3816\/5387\/articles\/1_37a658e1-2362-4d98-95ab-ea79e554b732.png?v=1587270837"}}]}