{"articles":[{"id":386203287691,"title":"One Man's Choice Of The Genesis GV80","created_at":"2020-04-19T06:33:45-04:00","body_html":"Tesla seemed to dominate the EV market, but now many other players, including some of the biggest names in the car-making world, have joined in to claim their share in the EV market.","blog_id":60176924811,"author":"Ishi Themes","user_id":51517161611,"published_at":"2020-04-19T06:33:00-04:00","updated_at":"2020-04-23T07:40:23-04:00","summary_html":"","template_suffix":null,"handle":"kia-soul-and-telluride-win-car-awards-1","tags":"","admin_graphql_api_id":"gid:\/\/shopify\/OnlineStoreArticle\/386203287691","image":{"created_at":"2020-04-19T06:34:26-04:00","alt":"","width":869,"height":588,"src":"https:\/\/cdn.shopify.com\/s\/files\/1\/0325\/3816\/5387\/articles\/1_b9b4fe00-39c3-4d72-88f5-59193341ef43.png?v=1587292466"}},{"id":386203254923,"title":"Kia Soul and Telluride Win Car Awards","created_at":"2020-04-19T06:33:44-04:00","body_html":"Tesla seemed to dominate the EV market, but now many other players, including some of the biggest names in the car-making world, have joined in to claim their share in the EV market.","blog_id":60176924811,"author":"Ishi Themes","user_id":51517161611,"published_at":"2020-04-19T06:33:00-04:00","updated_at":"2020-04-23T08:05:16-04:00","summary_html":"","template_suffix":null,"handle":"kia-soul-and-telluride-win-car-awards","tags":"","admin_graphql_api_id":"gid:\/\/shopify\/OnlineStoreArticle\/386203254923","image":{"created_at":"2020-04-19T06:33:44-04:00","alt":"","width":869,"height":588,"src":"https:\/\/cdn.shopify.com\/s\/files\/1\/0325\/3816\/5387\/articles\/4_f59e0a2b-d4d8-4859-9e97-71ecf433ae7c.png?v=1587292424"}},{"id":386203222155,"title":"New Elantra Hyundai Smart Engineering","created_at":"2020-04-19T06:32:59-04:00","body_html":"Tesla seemed to dominate the EV market, but now many other players, including some of the biggest names in the car-making world, have joined in to claim their share in the EV market.","blog_id":60176924811,"author":"Ishi Themes","user_id":51517161611,"published_at":"2020-04-19T06:32:00-04:00","updated_at":"2020-04-23T08:05:22-04:00","summary_html":"","template_suffix":null,"handle":"new-elantra-hyundai-smart-engineering","tags":"","admin_graphql_api_id":"gid:\/\/shopify\/OnlineStoreArticle\/386203222155","image":{"created_at":"2020-04-19T06:32:59-04:00","alt":"","width":869,"height":588,"src":"https:\/\/cdn.shopify.com\/s\/files\/1\/0325\/3816\/5387\/articles\/6_0f882263-5b89-45f8-b0a3-abdf7012f740.png?v=1587292379"}},{"id":386203189387,"title":"As Shopisticsted As It Sounds Genesis","created_at":"2020-04-19T06:32:28-04:00","body_html":"Tesla seemed to dominate the EV market, but now many other players, including some of the biggest names in the car-making world, have joined in to claim their share in the EV market.","blog_id":60176924811,"author":"Ishi Themes","user_id":51517161611,"published_at":"2020-04-19T06:32:00-04:00","updated_at":"2020-04-23T08:05:44-04:00","summary_html":"","template_suffix":null,"handle":"as-shopisticsted-as-it-sounds-genesis","tags":"","admin_graphql_api_id":"gid:\/\/shopify\/OnlineStoreArticle\/386203189387","image":{"created_at":"2020-04-19T06:32:28-04:00","alt":"","width":869,"height":588,"src":"https:\/\/cdn.shopify.com\/s\/files\/1\/0325\/3816\/5387\/articles\/3_b93c369a-b3b7-4052-8c20-09adc68509b9.png?v=1587292348"}},{"id":386202992779,"title":"Back To The Future Car Of BMW","created_at":"2020-04-19T06:31:28-04:00","body_html":"Tesla seemed to dominate the EV market, but now many other players, including some of the biggest names in the car-making world, have joined in to claim their share in the EV market.","blog_id":60176924811,"author":"Ishi Themes","user_id":51517161611,"published_at":"2020-04-19T06:31:00-04:00","updated_at":"2020-04-23T08:06:07-04:00","summary_html":"","template_suffix":null,"handle":"back-to-the-future-car-of-bmw","tags":"","admin_graphql_api_id":"gid:\/\/shopify\/OnlineStoreArticle\/386202992779","image":{"created_at":"2020-04-19T06:31:28-04:00","alt":"","width":869,"height":588,"src":"https:\/\/cdn.shopify.com\/s\/files\/1\/0325\/3816\/5387\/articles\/2_dd29439c-71fd-49c7-83fb-1525b503ea0e.png?v=1587292288"}},{"id":386202927243,"title":"Best Electric SUV For 2020","created_at":"2020-04-19T06:30:49-04:00","body_html":"Tesla seemed to dominate the EV market, but now many other players, including some of the biggest names in the car-making world, have joined in to claim their share in the EV market.","blog_id":60176924811,"author":"Ishi Themes","user_id":51517161611,"published_at":"2020-04-19T06:30:00-04:00","updated_at":"2020-04-23T08:06:11-04:00","summary_html":"","template_suffix":null,"handle":"best-electric-suv-for-2020","tags":"","admin_graphql_api_id":"gid:\/\/shopify\/OnlineStoreArticle\/386202927243","image":{"created_at":"2020-04-19T06:30:49-04:00","alt":"","width":869,"height":588,"src":"https:\/\/cdn.shopify.com\/s\/files\/1\/0325\/3816\/5387\/articles\/5_ad9aedc9-6eb8-4d7f-86d9-5ccb501341ea.png?v=1587292249"}},{"id":386202894475,"title":"Pros and Cons Of Mitsubishi Parts","created_at":"2020-04-19T06:29:59-04:00","body_html":"Tesla seemed to dominate the EV market, but now many other players, including some of the biggest names in the car-making world, have joined in to claim their share in the EV market.","blog_id":60176924811,"author":"Ishi Themes","user_id":51517161611,"published_at":"2020-04-19T06:28:00-04:00","updated_at":"2020-04-23T08:06:34-04:00","summary_html":"","template_suffix":null,"handle":"pros-and-cons-of-mitsubishi-parts","tags":"","admin_graphql_api_id":"gid:\/\/shopify\/OnlineStoreArticle\/386202894475","image":{"created_at":"2020-04-19T06:29:59-04:00","alt":"","width":869,"height":588,"src":"https:\/\/cdn.shopify.com\/s\/files\/1\/0325\/3816\/5387\/articles\/7_15512acf-8894-4228-abed-f90ce0301b93.png?v=1587292199"}},{"id":386202861707,"title":"All Electric Poised To Outclass Tesla Model 3","created_at":"2020-04-19T06:24:47-04:00","body_html":"Tesla seemed to dominate the EV market, but now many other players, including some of the biggest names in the car-making world, have joined in to claim their share in the EV market.","blog_id":60176924811,"author":"Ishi Themes","user_id":51517161611,"published_at":"2020-04-19T06:23:00-04:00","updated_at":"2020-04-23T08:05:48-04:00","summary_html":"","template_suffix":null,"handle":"all-electric-poised-to-outclass-tesla-model-3","tags":"","admin_graphql_api_id":"gid:\/\/shopify\/OnlineStoreArticle\/386202861707","image":{"created_at":"2020-04-19T06:31:52-04:00","alt":"","width":869,"height":588,"src":"https:\/\/cdn.shopify.com\/s\/files\/1\/0325\/3816\/5387\/articles\/8_e01b508a-f40e-46c6-97b7-86f204bd12ad.png?v=1587292312"}}]}