{"articles":[{"id":386202599563,"title":"Hair Care Tips for Healthy Hair","created_at":"2020-04-19T03:49:19-04:00","body_html":"Wondering how to get glowing skin overnight? Is your Google search history overflowing with different variations Of Beauty.","blog_id":60174532747,"author":"Ishi Themes","user_id":51517161611,"published_at":"2020-04-19T03:49:00-04:00","updated_at":"2020-04-23T08:06:52-04:00","summary_html":"","template_suffix":null,"handle":"hair-care-tips-for-healthy-hair","tags":"","admin_graphql_api_id":"gid:\/\/shopify\/OnlineStoreArticle\/386202599563","image":{"created_at":"2020-04-19T03:49:19-04:00","alt":"","width":870,"height":588,"src":"https:\/\/cdn.shopify.com\/s\/files\/1\/0325\/3816\/5387\/articles\/7_adc1a7ef-5fd8-47f3-ab5d-bb042e7e9506.png?v=1587282559"}},{"id":386202566795,"title":"Apply Mascara To Your Lower Lashes","created_at":"2020-04-19T03:48:54-04:00","body_html":"Wondering how to get glowing skin overnight? Is your Google search history overflowing with different variations Of Beauty.","blog_id":60174532747,"author":"Ishi Themes","user_id":51517161611,"published_at":"2020-04-19T03:48:00-04:00","updated_at":"2020-04-23T08:06:48-04:00","summary_html":"","template_suffix":null,"handle":"apply-mascara-to-your-lower-lashes","tags":"","admin_graphql_api_id":"gid:\/\/shopify\/OnlineStoreArticle\/386202566795","image":{"created_at":"2020-04-19T03:48:54-04:00","alt":"","width":870,"height":588,"src":"https:\/\/cdn.shopify.com\/s\/files\/1\/0325\/3816\/5387\/articles\/6_75d8d66d-9a4d-4424-a2fd-be57598916d9.png?v=1587282534"}},{"id":386202534027,"title":"Remedies For Fairer, Glowing Skin","created_at":"2020-04-19T03:48:10-04:00","body_html":"Wondering how to get glowing skin overnight? Is your Google search history overflowing with different variations Of Beauty.","blog_id":60174532747,"author":"Ishi Themes","user_id":51517161611,"published_at":"2020-04-19T03:47:00-04:00","updated_at":"2020-04-23T08:07:07-04:00","summary_html":"","template_suffix":null,"handle":"remedies-for-fairer-glowing-skin","tags":"","admin_graphql_api_id":"gid:\/\/shopify\/OnlineStoreArticle\/386202534027","image":{"created_at":"2020-04-19T03:48:10-04:00","alt":"","width":870,"height":588,"src":"https:\/\/cdn.shopify.com\/s\/files\/1\/0325\/3816\/5387\/articles\/5_24e6e124-d264-4016-96c4-ccef7b71200b.png?v=1587282490"}},{"id":386202501259,"title":"Get Rid Of Acne Clinical Treatments","created_at":"2020-04-19T03:47:24-04:00","body_html":"Wondering how to get glowing skin overnight? Is your Google search history overflowing with different variations Of Beauty.","blog_id":60174532747,"author":"Ishi Themes","user_id":51517161611,"published_at":"2020-04-19T03:47:00-04:00","updated_at":"2020-04-23T08:07:12-04:00","summary_html":"","template_suffix":null,"handle":"get-rid-of-acne-clinical-treatments","tags":"","admin_graphql_api_id":"gid:\/\/shopify\/OnlineStoreArticle\/386202501259","image":{"created_at":"2020-04-19T03:47:24-04:00","alt":"","width":870,"height":588,"src":"https:\/\/cdn.shopify.com\/s\/files\/1\/0325\/3816\/5387\/articles\/8_f71670ba-82e2-4d77-a50d-636ac5686e3c.png?v=1587282444"}},{"id":386202468491,"title":"Primer-Infused Makeup Products Worth","created_at":"2020-04-19T03:45:26-04:00","body_html":"Wondering how to get glowing skin overnight? Is your Google search history overflowing with different variations Of Beauty.","blog_id":60174532747,"author":"Ishi Themes","user_id":51517161611,"published_at":"2020-04-19T03:45:00-04:00","updated_at":"2020-04-23T08:07:32-04:00","summary_html":"","template_suffix":null,"handle":"lightweight-foundations-that-feel-natural-1","tags":"","admin_graphql_api_id":"gid:\/\/shopify\/OnlineStoreArticle\/386202468491","image":{"created_at":"2020-04-19T03:46:29-04:00","alt":"","width":870,"height":588,"src":"https:\/\/cdn.shopify.com\/s\/files\/1\/0325\/3816\/5387\/articles\/4_42fbfd31-9144-457e-8511-a767a4b77a80.png?v=1587282389"}},{"id":386202402955,"title":"Lightweight Foundations That Feel Natural","created_at":"2020-04-19T03:45:23-04:00","body_html":"Wondering how to get glowing skin overnight? Is your Google search history overflowing with different variations Of Beauty.","blog_id":60174532747,"author":"Ishi Themes","user_id":51517161611,"published_at":"2020-04-19T03:45:00-04:00","updated_at":"2020-04-23T08:09:07-04:00","summary_html":"","template_suffix":null,"handle":"lightweight-foundations-that-feel-natural","tags":"","admin_graphql_api_id":"gid:\/\/shopify\/OnlineStoreArticle\/386202402955","image":{"created_at":"2020-04-19T03:45:23-04:00","alt":"","width":870,"height":588,"src":"https:\/\/cdn.shopify.com\/s\/files\/1\/0325\/3816\/5387\/articles\/2_09461133-34b9-4c9a-8ebb-7b0d66eedeaf.png?v=1587282323"}},{"id":386202370187,"title":"Liberty Decodes The Latest Makeup Techniques","created_at":"2020-04-19T03:44:20-04:00","body_html":"Wondering how to get glowing skin overnight? Is your Google search history overflowing with different variations Of Beauty.","blog_id":60174532747,"author":"Ishi Themes","user_id":51517161611,"published_at":"2020-04-19T03:44:00-04:00","updated_at":"2020-04-23T08:07:37-04:00","summary_html":"","template_suffix":null,"handle":"liberty-decodes-the-latest-makeup-techniques","tags":"","admin_graphql_api_id":"gid:\/\/shopify\/OnlineStoreArticle\/386202370187","image":{"created_at":"2020-04-19T03:46:07-04:00","alt":"","width":870,"height":588,"src":"https:\/\/cdn.shopify.com\/s\/files\/1\/0325\/3816\/5387\/articles\/3_5e9d4329-fc38-4a53-8c91-5a95b12782ac.png?v=1587282367"}},{"id":386202337419,"title":"The Metallic Makeup Masterclass","created_at":"2020-04-19T03:41:24-04:00","body_html":"Wondering how to get glowing skin overnight? Is your Google search history overflowing with different variations Of Beauty.","blog_id":60174532747,"author":"Ishi Themes","user_id":51517161611,"published_at":"2020-04-19T03:40:00-04:00","updated_at":"2020-04-23T08:09:03-04:00","summary_html":"","template_suffix":null,"handle":"the-metallic-makeup-masterclass","tags":"","admin_graphql_api_id":"gid:\/\/shopify\/OnlineStoreArticle\/386202337419","image":{"created_at":"2020-04-19T03:41:24-04:00","alt":"","width":870,"height":588,"src":"https:\/\/cdn.shopify.com\/s\/files\/1\/0325\/3816\/5387\/articles\/1_7320f5ed-5b81-4bbf-8361-a733cf904efe.png?v=1587282084"}}]}