{"articles":[{"id":384226099339,"title":"This is Photoshops version","created_at":"2020-02-05T03:58:25-05:00","body_html":"There are many variations of passages of Lorem Ipsum available, but the majority have suffered alter...","blog_id":54702932107,"author":"Ishi Themes","user_id":51517161611,"published_at":"2020-02-05T03:58:00-05:00","updated_at":"2020-04-23T08:32:46-04:00","summary_html":"","template_suffix":null,"handle":"this-is-photoshops-version","tags":"","admin_graphql_api_id":"gid:\/\/shopify\/OnlineStoreArticle\/384226099339","image":{"created_at":"2020-02-05T03:58:25-05:00","alt":"","width":870,"height":502,"src":"https:\/\/cdn.shopify.com\/s\/files\/1\/0325\/3816\/5387\/articles\/8.png?v=1580893105"}},{"id":384226066571,"title":"Viderer voluptatum te eum","created_at":"2020-02-05T03:57:28-05:00","body_html":"There are many variations of passages of Lorem Ipsum available, but the majority have suffered alter...","blog_id":54702932107,"author":"Ishi Themes","user_id":51517161611,"published_at":"2020-02-05T03:57:00-05:00","updated_at":"2020-04-23T08:32:52-04:00","summary_html":"","template_suffix":null,"handle":"viderer-voluptatum-te-eum-1","tags":"","admin_graphql_api_id":"gid:\/\/shopify\/OnlineStoreArticle\/384226066571","image":{"created_at":"2020-02-05T03:57:28-05:00","alt":"","width":870,"height":502,"src":"https:\/\/cdn.shopify.com\/s\/files\/1\/0325\/3816\/5387\/articles\/7.png?v=1580893048"}},{"id":384226033803,"title":"Nostro expetenda voluptatum sit exa","created_at":"2020-02-05T03:56:49-05:00","body_html":"There are many variations of passages of Lorem Ipsum available, but the majority have suffered alter...","blog_id":54702932107,"author":"Ishi Themes","user_id":51517161611,"published_at":"2020-02-05T03:56:00-05:00","updated_at":"2020-04-23T08:32:49-04:00","summary_html":"","template_suffix":null,"handle":"nostro-expetenda-voluptatum-sit-exa","tags":"","admin_graphql_api_id":"gid:\/\/shopify\/OnlineStoreArticle\/384226033803","image":{"created_at":"2020-02-05T03:56:49-05:00","alt":"","width":870,"height":502,"src":"https:\/\/cdn.shopify.com\/s\/files\/1\/0325\/3816\/5387\/articles\/6.png?v=1580893009"}},{"id":384226001035,"title":"Viderer voluptatum te eum","created_at":"2020-02-05T03:56:15-05:00","body_html":"There are many variations of passages of Lorem Ipsum available, but the majority have suffered alter...","blog_id":54702932107,"author":"Ishi Themes","user_id":51517161611,"published_at":"2020-02-05T03:56:00-05:00","updated_at":"2020-04-23T08:31:13-04:00","summary_html":"","template_suffix":null,"handle":"viderer-voluptatum-te-eum","tags":"","admin_graphql_api_id":"gid:\/\/shopify\/OnlineStoreArticle\/384226001035","image":{"created_at":"2020-02-05T03:56:15-05:00","alt":"","width":870,"height":502,"src":"https:\/\/cdn.shopify.com\/s\/files\/1\/0325\/3816\/5387\/articles\/5.png?v=1580892975"}},{"id":384225968267,"title":"Nec intellegat deseruisse te","created_at":"2020-02-05T03:55:48-05:00","body_html":"There are many variations of passages of Lorem Ipsum available, but the majority have suffered alter...","blog_id":54702932107,"author":"Ishi Themes","user_id":51517161611,"published_at":"2020-02-05T03:55:00-05:00","updated_at":"2020-04-23T08:31:17-04:00","summary_html":"","template_suffix":null,"handle":"nec-intellegat-deseruisse-te","tags":"","admin_graphql_api_id":"gid:\/\/shopify\/OnlineStoreArticle\/384225968267","image":{"created_at":"2020-02-05T03:55:48-05:00","alt":"","width":870,"height":502,"src":"https:\/\/cdn.shopify.com\/s\/files\/1\/0325\/3816\/5387\/articles\/4.png?v=1580892948"}},{"id":384225935499,"title":"Scelerisque vestibulum urna","created_at":"2020-02-05T03:54:40-05:00","body_html":"There are many variations of passages of Lorem Ipsum available, but the majority have suffered alter...","blog_id":54702932107,"author":"Ishi Themes","user_id":51517161611,"published_at":"2020-02-05T03:54:00-05:00","updated_at":"2020-04-23T08:20:25-04:00","summary_html":"","template_suffix":null,"handle":"scelerisque-vestibulum-urna","tags":"","admin_graphql_api_id":"gid:\/\/shopify\/OnlineStoreArticle\/384225935499","image":{"created_at":"2020-02-05T03:54:40-05:00","alt":"","width":870,"height":502,"src":"https:\/\/cdn.shopify.com\/s\/files\/1\/0325\/3816\/5387\/articles\/3.png?v=1580892880"}},{"id":384225902731,"title":"Upon of seasons earth","created_at":"2020-02-05T03:53:50-05:00","body_html":"There are many variations of passages of Lorem Ipsum available, but the majority have suffered alter...","blog_id":54702932107,"author":"Ishi Themes","user_id":51517161611,"published_at":"2020-02-05T03:54:00-05:00","updated_at":"2020-04-23T08:30:21-04:00","summary_html":"","template_suffix":null,"handle":"upon-of-seasons-earth","tags":"","admin_graphql_api_id":"gid:\/\/shopify\/OnlineStoreArticle\/384225902731","image":{"created_at":"2020-02-05T03:53:50-05:00","alt":"","width":870,"height":502,"src":"https:\/\/cdn.shopify.com\/s\/files\/1\/0325\/3816\/5387\/articles\/2.png?v=1580892830"}},{"id":384225837195,"title":"Lorem ipsum dolor sit amet","created_at":"2020-02-05T03:53:24-05:00","body_html":"There are many variations of passages of Lorem Ipsum available, but the majority have suffered alter...","blog_id":54702932107,"author":"Ishi Themes","user_id":51517161611,"published_at":"2020-02-05T03:51:00-05:00","updated_at":"2020-04-23T08:31:12-04:00","summary_html":"","template_suffix":null,"handle":"lorem-ipsum-dolor-sit-amet","tags":"","admin_graphql_api_id":"gid:\/\/shopify\/OnlineStoreArticle\/384225837195","image":{"created_at":"2020-02-05T03:53:24-05:00","alt":"","width":870,"height":502,"src":"https:\/\/cdn.shopify.com\/s\/files\/1\/0325\/3816\/5387\/articles\/1.png?v=1580892804"}}]}