{"blogs":[{"id":60176924811,"handle":"autocare","title":"Autocare","updated_at":"2020-04-23T08:06:34-04:00","commentable":"moderate","feedburner":"","feedburner_location":"","created_at":"2020-04-19T06:24:47-04:00","template_suffix":null,"tags":"","admin_graphql_api_id":"gid:\/\/shopify\/OnlineStoreBlog\/60176924811"},{"id":60174532747,"handle":"beauty","title":"Beauty","updated_at":"2020-04-23T08:09:07-04:00","commentable":"moderate","feedburner":"","feedburner_location":"","created_at":"2020-04-19T03:41:24-04:00","template_suffix":null,"tags":"","admin_graphql_api_id":"gid:\/\/shopify\/OnlineStoreBlog\/60174532747"},{"id":60172238987,"handle":"electronic","title":"Electronic","updated_at":"2020-04-23T08:10:55-04:00","commentable":"moderate","feedburner":"","feedburner_location":"","created_at":"2020-04-19T00:32:21-04:00","template_suffix":null,"tags":"","admin_graphql_api_id":"gid:\/\/shopify\/OnlineStoreBlog\/60172238987"},{"id":54702932107,"handle":"infinite","title":"Infinite","updated_at":"2020-04-23T08:32:52-04:00","commentable":"yes","feedburner":"","feedburner_location":"","created_at":"2020-02-05T04:02:00-05:00","template_suffix":null,"tags":"","admin_graphql_api_id":"gid:\/\/shopify\/OnlineStoreBlog\/54702932107"},{"id":54523265163,"handle":"news","title":"News","updated_at":"2020-04-19T03:49:33-04:00","commentable":"no","feedburner":null,"feedburner_location":null,"created_at":"2020-02-03T01:05:33-05:00","template_suffix":null,"tags":"","admin_graphql_api_id":"gid:\/\/shopify\/OnlineStoreBlog\/54523265163"}]}